"sdg_goal","indicator_number","indicator_name","target_name","current_year","current_value","computation_units","progress_status"
"1","1.1.1","Proportion of the population living below the international poverty line by sex, age, employment status and geographic location (urban/rural)","By 2030, eradicate extreme poverty for all people everywhere, currently measured as people living on less than $1.25 a day",NA,NA,NA,"Not available"
"1","1.2.1","Proportion of population living below the national poverty line, by sex and age","Target: 1.2 By 2030, reduce at least by half the proportion of men, women and children of all ages living in poverty in all its dimensions according to national definitions",NA,NA,"Percentage (%)","On track"
"1","1.2.2","Proportion of men, women and children of all ages living in poverty in all its dimensions according to national definitions","By 2030, reduce at least by half the proportion of men, women and children of all ages living in poverty in all its dimensions according to national definitions",NA,NA,NA,"Not available"
"1","1.3.1","Percentage of the population covered by social protection floors/systems disaggregated by sex, and distinguishing children, unemployed, old age, people with disabilities, pregnant women/new-borns, work injury victims, poor and vulnerable","Implement nationally appropriate social protection systems and measures for all, including floors, and by 2030 achieve substantial coverage of the poor and the vulnerable.",NA,NA,"Percentage (%)","Not available"
"1","1.4.1","Proportion of population living in households with access to basic services","By 2030, ensure that all men and women, in particular the poor and the vulnerable, have equal rights to economic resources, as well as access to basic services, ownership and control over land and other forms of property, inheritance, natural resources, appropriate new technology and financial services, including microfinance",NA,NA,"Percentage (%)","Not available"
"1","1.4.2","Proportion of total adult population with secure tenure rights to land, with (a) legally recognized documentation and (b) who perceive their rights to land as secure, by sex and by type of tenure","By 2030, ensure that all men and women, in particular the poor and the vulnerable, have equal rights to economic resources, as well as access to basic services, ownership and control over land and other forms of property, inheritance, natural resources, appropriate new technology and financial services, including microfinance",NA,NA,NA,"Not available"
"1","1.5.1","Number of deaths, missing persons and directly affected persons attributed to disasters per 100,000 population","By 2030, build the resilience of the poor and those in vulnerable situations and reduce their exposure and vulnerability to climate-related extreme events and other economic, social and environmental shocks and disasters",NA,NA,NA,"Not available"
"1","1.5.2","Direct economic loss attributed to disasters in relation to gross domestic product (GDP)","By 2030, build the resilience of the poor and those in vulnerable situations and reduce their exposure and vulnerability to climate-related extreme events and other economic, social and environmental shocks and disasters",NA,NA,"Percentage (%)","None"
"1","1.5.3","National disaster risk reduction strategies in line with the Sendai Framework for Disaster Risk Reduction 2015–2030 adopted and implemented","By 2030, build the resilience of the poor and those in vulnerable
situations and reduce their exposure and vulnerability to climate-related extreme
events and other economic, social and environmental shocks and disasters",NA,NA,NA,"Not available"
"1","1.5.4","Local governments that adopted and implemented local disaster risk reduction strategies in line with national disaster risk reduction strategies","By 2030, build the resilience of the poor and those in vulnerable situations and reduce their exposure and vulnerability to climate-related extreme events and other economic, social and environmental shocks and disasters",NA,NA,"TRUE","Not available"
"1","1.a.1","Total official development assistance (ODA) grants from all donors that focus on poverty reduction as a share of the recipient country's gross national income.","Ensure significant mobilization of resources from a variety of sources, including through enhanced development cooperation, in order to provide adequate and predictable means for developing countries, in particular least developed countries, to implement programmes and policies to end poverty in all its dimensions.",NA,NA,"Percentage (%)","None"
"1","1.b.1","Pro-poor public social spending","Create sound policy frameworks at the national, regional and international levels, based on pro-poor and gender-sensitive development strategies, to support accelerated investment in poverty eradication actions",NA,NA,NA,"Not available"
"1","1.a.2","Proportion of total government spending on essential services (education, health and social protection)","Ensure significant mobilization of resources from a variety of sources, including through enhanced development cooperation, in order to provide adequate and predictable means for developing countries, in particular least developed countries, to implement programmes and policies to end poverty in all its dimensions",NA,NA,"Percentage (%)","None"
"2","2.1.1","Prevalence of undernourishment","By 2030, end hunger and ensure access by all people, in particular the poor and people in vulnerable situations, including infants, to safe, nutritious and sufficient food all year round",NA,NA,NA,"Not available"
"2","2.1.2","Proportion of family living with food insecurity","By 2030, end hunger and ensure access by all people, in particular the poor and people in vulnerable situations, including infants, to safe, nutritious and sufficient food all year round",NA,NA,"Percentage (%)","Deterioration"
"2","2.2.1","Prevalence of stunting (height for age &lt;-2 standard deviation from the median of the World Health Organization (WHO) Child Growth Standards) among children under 5 years of age","by 2030 end all forms of malnutrition, including achieving by 2025 the internationally agreed targets on stunting and wasting in children under five years of age, and address the nutritional needs of adolescent girls, pregnant and lactating women, and older persons",NA,NA,NA,"Not available"
"2","2.2.2","Prevalence of malnutrition (weight for height &gt;+2 or &lt;-2 standard deviation from the median of the WHO Child Growth Standards) among children under 5 years of age, by type (wasting and overweight)","by 2030 end all forms of malnutrition, including achieving by 2025 the internationally agreed targets on stunting and wasting in children under five years of age, and address the nutritional needs of adolescent girls, pregnant and lactating women, and older persons",NA,NA,NA,"Not available"
"2","2.2.3","Prevalence of anaemia in women aged 15-49 years, by pregnancy status (percentage)","By 2030, end all forms of malnutrition, including achieving, by 2025, the internationally agreed targets on stunting and wasting in children under 5 years of age, and address the nutritional needs of adolescent girls, pregnant and lactating women and older persons",NA,NA,"Percentage (%)","Deterioration"
"2","2.3.1","Volume of production per labour unit by classes of farming/pastoral/forestry enterprise size","By 2030, double the agricultural productivity and incomes of small-scale food producers, in particular women, indigenous peoples, family farmers, pastoralists and fishers, including through secure and equal access to land, other productive resources and inputs, knowledge, financial services, markets and opportunities for value addition and non-farm employment",NA,NA,"Index","On track"
"2","2.3.2","Average income of small-scale food producers, by sex and indigenous status","By 2030, double the agricultural productivity and incomes of small-scale food producers, in particular women, indigenous peoples, family farmers, pastoralists and fishers, including through secure and equal access to land, other productive resources and inputs, knowledge, financial services, markets and opportunities for value addition and non-farm employment",NA,NA,NA,"On track"
"2","2.4.1","Proportion of agricultural area under productive and sustainable agriculture","By 2030, ensure sustainable food production systems and implement resilient agricultural practices that increase productivity and production, that help maintain ecosystems, that strengthen capacity for adaptation to climate change, extreme weather, drought, flooding and other disasters and that progressively improve land and soil quality",NA,NA,"Percentage (%)","Not available"
"2","2.5.1","Number of plant and animal genetic resources for food and agriculture secured in either medium or long-term conservation facilities","By 2020, maintain the genetic diversity of seeds, cultivated plants and farmed and domesticated animals and their related wild species, including through soundly managed and diversified seed and plant banks at the national, regional and international levels, and promote access to and fair and equitable sharing of benefits arising from the utilization of genetic resources and associated traditional knowledge, as internationally agreed",NA,NA,"Number","Not available"
"2","2.5.2","Proportion of local breeds classified as being at risk of extinction","By 2020, maintain the genetic diversity of seeds, cultivated plants and farmed and domesticated animals and their related wild species, including through soundly managed and diversified seed and plant banks at the national, regional and international levels, and promote access to and fair and equitable sharing of benefits arising from the utilization of genetic resources and associated traditional knowledge, as internationally agreed",NA,NA,"Percentage (%)","Not available"
"2","2.a.1","The agriculture orientation index for government expenditures","Increase investment, including through enhanced international cooperation, in rural infrastructure, agricultural research and extension services, technology development and plant and livestock gene banks in order to enhance agricultural productive capacity in developing countries, in particular least developed countries",NA,NA,NA,"Not available"
"2","2.b.1","Agricultural export subsidies","Correct and prevent trade restrictions and distortions in world agricultural markets, including through the parallel elimination of all forms of agricultural export subsidies and all export measures with equivalent effect, in accordance with the mandate of the Doha Development Round",NA,NA,"CAD (Thousands)","Not available"
"2","2.c.1","Indicator of food price anomalies","Adopt measures to ensure the proper functioning of food commodity markets and their derivatives and facilitate timely access to market information, including on food reserves, in order to help limit extreme food price volatility",NA,NA,NA,"Not available"
"2","2.a.2","Total official flows (official development assistance plus other official flows) to the agriculture sector","Increase investment, including through enhanced international cooperation, in rural infrastructure, agricultural research and extension services, technology development and plant and livestock gene banks in order to enhance agricultural productive capacity in developing countries, in particular least developed countries",NA,NA,NA,"Not available"
"3","3.1.1","Maternal mortality ratio","By 2030, reduce the global maternal mortality ratio to less than 70 per 100,000 live births",NA,NA,"Maternal deaths per 100,000 live births","Target achieved"
"3","3.1.2","Proportion of births in hospital","By 2030, reduce the global maternal mortality ratio to less than 70 per 100,000 live births",NA,NA,"Percentage (%)","Deterioration"
"3","3.2.1","Number of deaths of children aged under 5 per 1,000 live births","By 2030, end preventable deaths of newborns and children under 5 years of age, with all countries aiming to reduce neonatal mortality to at least as low as 12 per 1,000 live births and under-5 mortality to at least as low as 25 per 1,000 live births",NA,NA,"Number of deaths per 1,000 live births","Target achieved"
"3","3.2.2","Neonatal mortality rate","By 2030, end preventable deaths of newborns and children under 5 years of age, with all countries aiming to reduce neonatal mortality to at least as low as 12 per 1,000 live births and under-5 mortality to at least as low as 25 per 1,000 live births",NA,NA,"Number of deaths per 1,000 live births","Not available"
"3","3.3.1","Number of new HIV infections per 1,000 uninfected population, by sex, age and key populations","By 2030, end the epidemics of AIDS, tuberculosis, malaria and neglected tropical diseases and combat hepatitis, water-borne diseases and other communicable diseases",NA,NA,"Number of newly infected people per 1,000 uninfected population","Limited progress"
"3","3.3.2","Tuberculosis incidence per 100,000 population","By 2030, end the epidemics of AIDS, tuberculosis, malaria and neglected tropical diseases and combat hepatitis, water-borne diseases and other communicable diseases",NA,NA,"Rate per 100,000 population","Deterioration"
"3","3.3.3","Malaria incidence per 100,000 population","By 2030, end the epidemics of AIDS, tuberculosis, malaria and neglected tropical diseases and combat hepatitis, water-borne diseases and other communicable diseases",NA,NA,"Malaria incidence per 100,000 population","Deterioration"
"3","3.3.4","Hepatitis B incidence per 100,000 population","By 2030, end the epidemics of AIDS, tuberculosis, malaria and neglected tropical diseases and combat hepatitis, water-borne diseases and other communicable diseases",NA,NA,"Rate per 100,000 population","Limited progress"
"3","3.3.5","Number of people requiring interventions against neglected tropical diseases","By 2030, end the epidemics of AIDS, tuberculosis, malaria and neglected tropical diseases and combat hepatitis, water-borne diseases and other communicable diseases",NA,NA,"Number of people","Not available"
"3","3.4.1","Mortality rate attributed to cardiovascular disease, cancer, diabetes or chronic respiratory disease","By 2030, reduce by one third premature mortality from non-communicable diseases through prevention and treatment and promote mental health and well-being",NA,NA,"Age-specific mortality rate per 100,000 population","Not available"
"3","3.4.2","Suicide mortality rate","By 2030, reduce by one third premature mortality from non-communicable diseases through prevention and treatment and promote mental health and well-being",NA,NA,"Rate per 100,000 population","On track"
"3","3.5.1","Coverage of treatment interventions (pharmacological, psychosocial and rehabilitation and aftercare services) for substance use disorders","Strengthen the prevention and treatment of substance abuse, including narcotic drug abuse and harmful use of alcohol",NA,NA,NA,"Not available"
"3","3.5.2","Alcohol per capita consumption (aged 15 years and older) within a calendar year in litres of pure alcohol","Strengthen the prevention and treatment of substance abuse, including narcotic drug abuse and harmful use of alcohol",NA,NA,"Number of litres of pure alcohol sales per person aged 15 years and older in a year","Progress made but acceleration needed"
"3","3.6.1","Death rate due to road traffic injuries","By 2020, halve the number of global deaths and injuries from road traffic accidents",NA,NA,"Mortality rate per 100,000 population","Limited progress"
"3","3.7.1","Proportion of women of reproductive age (aged 15-49 years) who have their need for family planning satisfied with modern methods","By 2030, ensure universal access to sexual and reproductive health-care services, including for family planning, information and education, and the integration of reproductive health into national strategies and programmes",NA,NA,"Percentage (%)","None"
"3","3.7.2","Adolescent birth rate (aged 10-14 years; aged 15-19 years) per 1,000 women in that age group","By 2030, ensure universal access to sexual and reproductive health-care services, including for family planning, information and education, and the integration of reproductive health into national strategies and programmes",NA,NA,"Rate per 1,000 females","On track"
"3","3.8.1","Indicator 3.8.1 : Coverage of essential health services","Target 3.8 : Achieve universal health coverage, including financial risk protection, access to quality essential health-care services and access to safe, effective, quality and affordable essential medicines and vaccines for all",NA,NA,NA,"Not available"
"3","3.8.2","Proportion of population (individuals) with large household expenditures on select health care items as a share of total after-tax income","Achieve universal health coverage, including financial risk protection, access to quality essential health-care services and access to safe, effective, quality and affordable essential medicines and vaccines for all",NA,NA,"Percentage (%)","Not available"
"3","3.9.1","Mortality rate attributed to household and ambient air pollution","By 2030, substantially reduce the number of deaths and illnesses from hazardous chemicals and air, water and soil pollution and contamination",NA,NA,NA,"Not available"
"3","3.9.2","Mortality rate attributed to unsafe water, unsafe sanitation and lack of hygiene (exposure to unsafe Water, Sanitation and Hygiene for All (WASH) services)","By 2030, substantially reduce the number of deaths and illnesses from hazardous chemicals and air, water and soil pollution and contamination",NA,NA,"Rate per 100,000 population","Not available"
"3","3.9.3","Mortality rate attributed to unintentional poisoning","By 2030, substantially reduce the number of deaths and illnesses from hazardous chemicals and air, water and soil pollution and contamination",NA,NA,"Rate per 100,000 population","On track"
"3","3.a.1","Age-standardized prevalence of current tobacco use among persons aged 15&#xA0;years and older","Strengthen the implementation of the World Health Organization Framework Convention on Tobacco Control in all countries, as appropriate",NA,NA,"Percentage (%)","None"
"3","3.b.1","Proportion of the target population covered by all vaccines included in their national programme","Support the research and development of vaccines and medicines for the communicable and non&#x2011;communicable diseases that primarily affect developing countries, provide access to affordable essential medicines and vaccines, in accordance with the Doha Declaration on the TRIPS Agreement and Public Health, which affirms the right of developing countries to use to the full the provisions in the Agreement on Trade-Related Aspects of Intellectual Property Rights regarding flexibilities to protect public health, and, in particular, provide access to medicines for all",NA,NA,"Percentage (%)","Not available"
"3","3.c.1","Health worker density and distribution","Substantially increase health financing and the recruitment, development, training and retention of the health workforce in developing countries, especially in least developed countries and small island developing States",NA,NA,"Per 10,000 population","Not available"
"3","3.d.1","International Health Regulations (IHR) capacity and health emergency preparedness","Strengthen the capacity of all countries, in particular developing countries, for early warning, risk reduction and management of national and global health risks",NA,NA,"Percentage (%)","None"
"3","3.b.2","Total net official development assistance to the medical research and basic health sectors","Target 3.b : Support the research and development of vaccines and medicines for the communicable and non-communicable diseases that primarily affect developing countries, provide access to affordable essential medicines and vaccines, in accordance with the Doha Declaration on the TRIPS Agreement and Public Health, which affirms the right of developing countries to use to the full the provisions in the Agreement on Trade-Related Aspects of Intellectual Property Rights regarding flexibilities to protect public health, and, in particular, provide access to medicines for all",NA,NA,"US dollar, Millions, 2022 constant prices","None"
"3","3.d.2","Percentage of bloodstream infections due to selected antimicrobial-resistant organisms","Strengthen the capacity of all countries, in particular developing countries, for early warning, risk reduction and management of national and global health risks",NA,NA,NA,"Not available"
"3","3.b.3","Proportion of health facilities that have a core set of relevant essential medicines available and affordable on a sustainable basis","Target 3.b : Support the research and development of vaccines and medicines for the communicable and non-communicable diseases that primarily affect developing countries, provide access to affordable essential medicines and vaccines, in accordance with the Doha Declaration on the TRIPS Agreement and Public Health, which affirms the right of developing countries to use to the full the provisions in the Agreement on Trade-Related Aspects of Intellectual Property Rights regarding flexibilities to protect public health, and, in particular, provide access to medicines for all",NA,NA,NA,"Not available"
"4","4.1.1","Proportion of children and young people (a) in grades 4; and (c) at the end of lower secondary achieving at least a minimum proficiency level in (i) reading and (ii) mathematics, by sex","By 2030, ensure that all girls and boys complete free, equitable and quality primary and secondary education leading to relevant and effective learning outcomes",NA,NA,"Percentage (%)","Not available"
"4","4.1.2","Educational attainment of the population aged 25 to 64, by age group and sex","By 2030, ensure that all girls and boys complete free, equitable and quality primary and secondary education leading to relevant and effective learning outcomes",NA,NA,"Percentage (%)","None"
"4","4.2.1","Proportion of children aged 24-59 months who are developmentally on track in health, learning and psychosocial well-being, by sex","By 2030, ensure that all girls and boys have access to quality early childhood development, care and pre-primary education so that they are ready for primary education",NA,NA,NA,"Not available"
"4","4.2.2","Participation rate in organized learning (one year before the official primary entry age), by sex","By 2030, ensure that all girls and boys have access to quality early childhood development, care and pre-primary education so that they are ready for primary education",NA,NA,"Percentage (%)","Deterioration"
"4","4.3.1","Participation rate of the population aged 25 to 34 years old in formal education and training, by sex","By 2030, ensure equal access for all women and men to affordable and quality technical, vocational and tertiary education, including university",NA,NA,"Percentage (%)","Not available"
"4","4.4.1","Proportion of internet users with information and communications technology (ICT) skills, by type of skill","By 2030, substantially increase the number of youth and adults who have relevant skills, including technical and vocational skills, for employment, decent jobs and entrepreneurship",NA,NA,"Percentage (%)","Not available"
"4","4.5.1","Parity indices (female/male, rural/urban, bottom/top wealth quintile and others such as disability status, indigenous peoples and conflict-affected, as data become available) for all education indicators on this list that can be disaggregated","By 2030, eliminate gender disparities in education and ensure equal access to all levels of education and vocational training for the vulnerable, including persons with disabilities, indigenous peoples and children in vulnerable situations",NA,NA,"Ratio","Not available"
"4","4.6.1","Proportion of population aged 16 years and above achieving at least a fixed level of proficiency in functional (a) literacy and (b) numeracy skills, by sex","By 2030, ensure that all youth and a substantial proportion of adults, both men and women, achieve literacy and numeracy",NA,NA,"Percentage (%)","Not available"
"4","4.7.1","Indicator: 4.7.1 Extent to which (i) global citizenship education and (ii) education for sustainable development are mainstreamed in (a) national education policies; (b) curricula; (c) teacher education; and (d) student assessment","Target: 4.7 By 2030, ensure that all learners acquire the knowledge and skills needed to promote sustainable development, including, among others, through education for sustainable development and sustainable lifestyles, human rights, gender equality, promotion of a culture of peace and non-violence, global citizenship and appreciation of cultural diversity and of culture&#x2019;s contribution to sustainable development",NA,NA,NA,"Not available"
"4","4.a.1","Proportion of schools offering basic services, by type of service","Build and upgrade education facilities that are child, disability and gender sensitive and provide safe, non-violent, inclusive and effective learning environments for all",NA,NA,NA,"Not available"
"4","4.b.1","Volume of official development assistance flows for scholarships by sector and type of study","By 2020, substantially expand globally the number of scholarships available to developing countries, in particular least developed countries, small island developing States and African countries, for enrolment in higher education, including vocational training and information and communications technology, technical, engineering and scientific programmes, in developed countries and other developing countries",NA,NA,"US dollar (millions)","None"
"4","4.c.1","Proportion of teachers with the minimum required qualifications, by education level","By 2030, substantially increase the supply of qualified teachers, including through international cooperation for teacher training in developing countries, especially least developed countries and small island developing States",NA,NA,NA,"Not available"
"5","5.1.1","Canada's legal frameworks in place to promote, enforce and monitor equality and non-discrimination on the basis of sex","End all forms of discrimination against all women and girls everywhere",NA,NA,NA,"Not available"
"5","5.2.1","Proportion of ever-partnered women and girls aged 15 years and older subjected to physical, sexual or psychological violence by a current or former intimate partner in the previous 12 months, by form of violence and by age","Eliminate all forms of violence against all women and girls in the public and private spheres, including trafficking and sexual and other types of exploitation",NA,NA,"Percentage (%)","Not available"
"5","5.2.2","Proportion of women and girls aged 15 years and older subjected to sexual violence in the previous 12 months, by age and place of occurrence","Eliminate all forms of violence against all women and girls in the public and private spheres, including trafficking and sexual and other types of exploitation",NA,NA,"Percentage (%)","Not available"
"5","5.3.1","Proportion of women aged 15-19 or 20-24 married or living common-law","Eliminate all harmful practices, such as child, early and forced marriage and female genital mutilation",NA,NA,"Percentage (%)","Not available"
"5","5.3.2","Proportion of girls and women aged 15–49 years who have undergone female genital mutilation, by age, by age The official indicator name refers to &#x2018;female genital mutilation/cutting&#x2019;, or FGM/C. In recent years the convention within UNICEF and partner organizations has shifted to referring to &#x2018;female genital mutilation&#x2019;, or FGM, a term which is now used interchangeably with FGM/C throughout the metadata. Other common terms for the practice include &#x2018;female circumcision&#x2019; and &#x2018;excision&#x2019;. The custodian will request the IAEG-SDGs to consider a refinement of the indicator name to reflect this change for consideration at the UN Statistical Commission in 2022.","Eliminate all harmful practices, such as child, early and forced marriage and female genital mutilation",NA,NA,NA,"Not available"
"5","5.4.1","Proportion of time spent on unpaid domestic and care work, by sex, age and location","Recognize and value unpaid care and domestic work through the provision of public services, infrastructure and social protection policies and the promotion of shared responsibility within the household and the family as nationally appropriate",NA,NA,"Percentage (%)","Deterioration"
"5","5.5.1","Proportion of seats held by women in (a) national parliaments and (b) local governments","Ensure women&#x2019;s full and effective participation and equal opportunities for leadership at all levels of decision-making in political, economic and public life",NA,NA,"Percentage (%)","Not available"
"5","5.5.2","Indicator: 5.5.2: Proportion of women in managerial positions","Ensure women&apos;s full and effective participation and equal opportunities for leadership at all levels of decision-making in political, economic and public life",NA,NA,"Percentage (%)","Limited progress"
"5","5.6.1","Proportion of women aged 15-49 years who make their own informed decisions regarding sexual relations, contraceptive use and reproductive health care","Ensure universal access to sexual and reproductive health and reproductive rights as agreed in accordance with the Programme of Action of the International Conference on Population and Development and the Beijing Platform for Action and the outcome documents of their review conferences.",NA,NA,NA,"Not available"
"5","5.6.2","Number of countries with laws and regulations that guarantee full and equal access to women and men aged 15 years and older to sexual and reproductive health care, information and education","Ensure universal access to sexual and reproductive health and reproductive rights as agreed in accordance with the Programme of Action of the International Conference on Population and Development and the Beijing Platform for Action and the outcome documents of their review conferences",NA,NA,NA,"Not available"
"5","5.a.1","(a) Proportion of total agricultural population with ownership or secure rights over agricultural land, by sex; and (b) share of women among owners or rights-bearers of agricultural land, by type of tenure","Undertake reforms to give women equal rights to economic resources, as well as access to ownership and control over land and other forms of property, financial services, inheritance and natural resources, in accordance with national laws",NA,NA,NA,"Not available"
"5","5.b.1","Proportion of households with cellular telephones","Enhance the use of enabling technology, in particular information and communications technology, to promote the empowerment of women",NA,NA,"Percentage (%)","None"
"5","5.c.1","Canada's systems to track and make public allocations for gender equality and women’s empowerment","Adopt and strengthen sound policies and enforceable legislation for the promotion of gender equality and the empowerment of all women and girls at all levels",NA,NA,NA,"Not available"
"5","5.a.2","Canada's legal framework (including customary law) guaranteeing women’s equal rights to land ownership and/or control","Undertake reforms to give women equal rights to economic resources, as well as access to ownership and control over land and other forms of property, financial services, inheritance and natural resources, in accordance with national laws",NA,NA,NA,"Not available"
"6","6.1.1","Proportion of population using safely managed drinking water services.","By 2030, achieve universal and equitable access to safe and affordable drinking water for all.",NA,NA,"Percentage (%)","Limited progress"
"6","6.2.1","Proportion of population using (a) safely managed sanitation services and (b) a hand-washing facility with soap and water.","By 2030, achieve access to adequate and equitable sanitation and hygiene for all and end open defecation, paying special attention to the needs of women and girls and those in vulnerable situations.",NA,NA,NA,"Not available"
"6","6.3.1","Indicator: 6.3.1: Proportion of municipal and manufacturing wastewater flows safely treated","Target: 6.3: By 2030, improve water quality by reducing pollution, eliminating dumping and minimizing release of hazardous chemicals and materials, halving the proportion of untreated wastewater and substantially increasing recycling and safe reuse globally.",NA,NA,NA,"Not available"
"6","6.3.2","Proportion of Canadian rivers with good to excellent ambient water","By 2030, improve water quality by reducing pollution, eliminating dumping and minimizing release of hazardous chemicals and materials, halving the proportion of untreated wastewater and substantially increasing recycling and safe reuse globally.",NA,NA,"Percentage (%)","On track"
"6","6.4.1","Change in water-use efficiency over time","By 2030, substantially increase water-use efficiency across all sectors and ensure sustainable withdrawals and supply of freshwater to address water scarcity and substantially reduce the number of people suffering from water scarcity",NA,NA,NA,"Not available"
"6","6.4.2","Level of water stress: freshwater withdrawal as a proportion of available freshwater resources","By 2030, substantially increase water-use efficiency across all sectors and ensure sustainable withdrawals and supply of freshwater to address water scarcity and substantially reduce the number of people suffering from water scarcity",NA,NA,"Percentage (%)","Deterioration"
"6","6.5.1","Degree of integrated water resources management","By 2030, implement integrated water resources management at all levels, including through transboundary cooperation as appropriate",NA,NA,NA,"Not available"
"6","6.5.2","Proportion of transboundary basin area with an operational arrangement for water cooperation","By 2030, implement integrated water resources management at all levels, including through transboundary cooperation as appropriate",NA,NA,"Percentage (%)","Not available"
"6","6.6.1","Change in the extent of water-related ecosystems over time","By 2030 protect and restore water-related ecosystems, including mountains, forests, wetlands, rivers, aquifers and lakes",NA,NA,"Percentage (%)","Not available"
"6","6.a.1","Amount of water- and sanitation-related official development assistance that is part of a government-coordinated spending plan","By 2030, expand international cooperation and capacity-building support to developing countries in water- and sanitation-related activities and programmes, including water harvesting, desalination, water efficiency, wastewater treatment, recycling and reuse technologies",NA,NA,"US dollar, Millions, 2022 constant prices","None"
"6","6.b.1","Proportion of local administrative units with established and operational policies and procedures for participation of local communities in water and sanitation management","Support and strengthen the participation of local communities in improving water and sanitation management",NA,NA,NA,"Not available"
"7","7.1.1","Proportion of population with access to electricity","By 2030, ensure universal access to affordable, reliable and modern energy services",NA,NA,"Percentage (%)","None"
"7","7.1.2","Proportion of population with primary reliance on clean fuels and technology","By 2030, ensure universal access to affordable, reliable and modern energy services",NA,NA,"Percentage (%)","None"
"7","7.2.1","Proportion of electricity generated from renewable and other non-greenhouse gas emitting sources","By 2030, increase substantially the share of renewable energy in the global energy mix",NA,NA,"Percentage (%)","Deterioration"
"7","7.3.1","Energy intensity measured in terms of GDP","By 2030, double the global rate of improvement in energy efficiency",NA,NA,"Terajoules per million dollars of real GDP","On track"
"7","7.a.1","International financial flows to developing countries in support of clean energy research and development and renewable energy production, including in hybrid systems","By 2030, enhance international cooperation to facilitate access to clean energy research and technology, including renewable energy, energy efficiency and advanced and cleaner fossil-fuel technology, and promote investment in energy infrastructure and clean energy technology",NA,NA,"US dollar, Millions, 2022 constant prices","None"
"7","7.b.1","Installed renewable energy-generating capacity in developing countries (in watts per capita)","By 2030, expand infrastructure and upgrade technology for supplying modern and sustainable energy services for all in developing countries, in particular least developed countries, small island developing states and landlocked developing countries, in accordance with their respective programmes of support.",NA,NA,NA,"Not available"
"8","8.1.1","Annual growth rate of real GDP per capita","Sustain per capita economic growth in accordance with national circumstances and, in particular, at least 7 per cent gross domestic product growth per annum in the least developed countries",NA,NA,"Percentage (%)","None"
"8","8.2.1","Indicator: 8.2.1: Annual growth rate of real GDP per employed person","Achieve higher levels of economic productivity through diversification, technological upgrading and innovation, including through a focus on high-value added and labour-intensive sectors",NA,NA,"Percentage (%)","On track"
"8","8.3.1","Indicator: 8.3.1: Proportion of informal employment in total employment, by sector and sex","Promote development-oriented policies that support productive activities, decent job creation, entrepreneurship, creativity and innovation, and encourage the formalization and growth of micro-, small- and medium-sized enterprises, including through access to financial services",NA,NA,NA,"Not available"
"8","8.4.1","Material footprint, material footprint per capita, and material footprint per GDP","Improve progressively, through 2030, global resource efficiency in consumption and production and endeavour to decouple economic growth from environmental degradation, in accordance with the 10-Year Framework of Programmes on Sustainable Consumption and Production, with developed countries taking the lead",NA,NA,"Tonnes (million)","Not available"
"8","8.4.2","Domestic material consumption, domestic material consumption per capita, and domestic material consumption per GDP","Improve progressively, through 2030, global resource efficiency in consumption and production and endeavour to decouple economic growth from environmental degradation, in accordance with the 10-Year Framework of Programmes on Sustainable Consumption and Production, with developed countries taking the lead",NA,NA,"Tonnes (million)","Not available"
"8","8.5.1","Average hourly earnings of employees, by sex, age, occupation and persons with disabilities","By 2030, achieve full and productive employment and decent work for all women and men, including for young people and persons with disabilities, and equal pay for work of equal value",NA,NA,"Canadian dollars ($)","On track"
"8","8.5.2","Unemployment rate, by sex, age and persons with disabilities","By 2030, achieve full and productive employment and decent work for all women and men, including for young people and persons with disabilities, and equal pay for work of equal value",NA,NA,"Percentage (%)","On track"
"8","8.6.1","Proportion of youth (aged 15-24 years) not in education, employment or training","By 2020, substantially reduce the proportion of youth not in employment, education or training",NA,NA,"Percentage (%)","Progress made but acceleration needed"
"8","8.7.1","Proportion and number of children aged 5-17 years engaged in child labour, by sex and age","Take immediate and effective measures to eradicate forced labour, end modern slavery and human trafficking and secure the prohibition and elimination of the worst forms of child labour, including recruitment and use of child soldiers, and by 2025 end child labour in all its forms",NA,NA,NA,"Not available"
NA,"8.8.1","Number of fatality and lost time claims, by sex","Protect labour rights and promote safe and secure working environments for all workers, including migrant workers, in particular women migrants, and those in precarious employment",NA,NA,NA,"Not available"
"8","8.8.2","Level of national compliance with labour rights (freedom of association and collective bargaining) based on International Labour Organization (ILO) textual sources and national legislation, by sex and migrant status","Protect labour rights and promote safe and secure working environments for all workers, including migrant workers, in particular women migrants, and those in precarious employment",NA,NA,NA,"Not available"
"8","8.9.1","Tourism direct GDP as a proportion of total GDP and in growth rate","By 2030, devise and implement policies to promote sustainable tourism that creates jobs and promotes local culture and products",NA,NA,NA,"On track"
NA,"8.10.1","(a) Number of commercial bank branches per 100,000 adults and (b) Number of automated teller machines (ATMs) per 100,000 adults","Strengthen the capacity of domestic financial institutions to encourage and expand access to banking, insurance and financial services for all",NA,NA,NA,"Not available"
"8","8.10.2","Proportion of family units with a chequing or savings account","Strengthen the capacity of domestic financial institutions to encourage and expand access to banking, insurance and financial services for all",NA,NA,"Percentage (%)","Limited progress"
"8","8.a.1","Aid for Trade commitments and disbursements","Increase Aid for Trade support for developing countries, in particular least developed countries, including through the Enhanced Integrated Framework for Trade-related Technical Assistance to Least Developed Countries",NA,NA,"US dollar, Millions, 2022 constant prices","Not available"
"8","8.b.1","Existence of a developed and operationalized national strategy for youth employment, as a distinct strategy or as part of a national employment strategy","By 2020, develop and operationalize a global strategy for youth employment and implement the Global Jobs Pact of the International Labour Organization",NA,NA,NA,"Not available"
"9","9.1.1","Proportion of the rural population who live within 2 km of an all-season road","Develop quality, reliable, sustainable and resilient infrastructure, including regional and trans-border infrastructure, to support economic development and human well-being, with a focus on affordable and equitable access for all",NA,NA,"Percentage (%)","Not available"
"9","9.1.2","Passenger and freight volumes","Develop quality, reliable, sustainable and resilient infrastructure, including regional and trans-border infrastructure, to support economic development and human well-being, with a focus on affordable and equitable access for all",NA,NA,"Metric tonnes","Not available"
"9","9.2.1","Manufacturing value added as a proportion of GDP and per capita","Promote inclusive and sustainable industrialization and, by 2030, significantly raise industry&apos;s share of employment and gross domestic product, in line with national circumstances, and double its share in least developed countries",NA,NA,NA,"Not available"
"9","9.2.2","Manufacturing employment as a proportion of total employment","Promote inclusive and sustainable industrialization and, by 2030, significantly raise industry&apos;s share of employment and gross domestic product, in line with national circumstances, and double its share in least developed countries",NA,NA,"Percentage (%)","Deterioration"
"9","9.3.1","Proportion of small-scale industries in total industry value added","Increase the access of small-scale industrial and other enterprises, in particular in developing countries, to financial services, including affordable credit, and their integration into value chains and markets",NA,NA,"Percentage (%)","Not available"
"9","9.3.2","Proportion of small-scale industries requesting a loan or line of credit","Increase the access of small-scale industrial and other enterprises, in particular in developing countries, to financial services, including affordable credit, and their integration into value chains and markets",NA,NA,"Percentage (%)","Not available"
"9","9.4.1","CO2 emission per unit of value added","By 2030, upgrade infrastructure and retrofit industries to make them sustainable, with increased resource-use efficiency and greater adoption of clean and environmentally sound technologies and industrial processes, with all countries taking action in accordance with their respective capabilities",NA,NA,"Mt CO2 eq. per billion dollars GDP","On track"
"9","9.5.1","Research and development expenditure as a proportion of GDP","Enhance scientific research, upgrade the technological capabilities of industrial sectors in all countries, in particular developing countries, including, by 2030, encouraging innovation and substantially increasing the number of research and development workers per 1 million people and public and private research and development spending",NA,NA,"Percentage (%)","Limited progress"
"9","9.5.2","Researchers (in full-time equivalent) per million inhabitants","Enhance scientific research, upgrade the technological capabilities of industrial sectors in all countries, in particular developing countries, including, by 2030, encouraging innovation and substantially increasing the number of research and development workers per 1 million people and public and private research and development spending",NA,NA,"Rate per 1,000,000","On track"
"9","9.a.1","Total official international support (official development assistance plus other official flows) to infrastructure","Facilitate sustainable and resilient infrastructure development in developing countries through enhanced financial, technological and technical support to African countries, least developed countries, landlocked developing countries and small island developing States",NA,NA,"US dollar, Millions, 2022 constant prices","None"
"9","9.b.1","Proportion of medium and high-tech industry value added in total value added","Support domestic technology development, research and innovation in developing countries, including by ensuring a conducive policy environment for, inter alia, industrial diversification and value addition to commodities",NA,NA,"Percentage (%)","None"
"9","9.c.1","Proportion of population covered by a mobile network, by technology","Significantly increase access to information and communications technology and strive to provide universal and affordable access to the Internet in least developed countries by 2020",NA,NA,"Percentage (%)","Not available"
"10","10.1.1","Growth rates of household expenditure or income per capita among the bottom 40 percent of the population and the total population","By 2030, progressively achieve and sustain income growth of the bottom 40 per cent of the population at a rate higher than the national average",NA,NA,"Percentage (%)","Not available"
"10","10.2.1","Proportion of people living below 50 percent of median income, by sex, age and persons with disabilities","By 2030, empower and promote the social, economic and political inclusion of all, irrespective of age, sex, disability, race, ethnicity, origin, religion or economic or other status",NA,NA,"Percentage (%)","On track"
"10","10.3.1","Proportion of population reporting having personally felt discriminated against or harassed in the previous 12 months on the basis of a ground of discrimination prohibited under international human rights law","Ensure equal opportunity and reduce inequalities of outcome, including by eliminating discriminatory laws, policies and practices and promoting appropriate legislation, policies and action in this regard",NA,NA,NA,"Not available"
"10","10.4.1","Labour share of GDP","Adopt policies, especially fiscal, wage and social protection policies, and progressively achieve greater equality",NA,NA,"Percentage (%)","Deterioration"
"10","10.4.2","Redistributive impact of fiscal policy","Adopt policies, especially fiscal, wage and social protection policies, and progressively achieve greater equality",NA,NA,NA,"Not available"
"10","10.5.1","Financial Soundness Indicators (FSIs)","Improve the regulation and monitoring of global financial markets and institutions and strengthen the implementation of such regulations",NA,NA,"Percentage (%)","Not available"
"10","10.6.1","Proportion of members and voting rights of developing countries in international organizations","Ensure enhanced representation and voice for developing countries in decision-making in global international economic and financial institutions in order to deliver more effective, credible, accountable and legitimate institutions",NA,NA,NA,"Not available"
"10","10.7.1","Recruitment cost borne by employee as a proportion of monthly income earned in country of destination","Facilitate orderly, safe, regular and responsible migration and mobility of people, including through the implementation of planned and well-managed migration policies",NA,NA,NA,"Not available"
"10","10.7.2","Canada's established and well-managed immigration and refugee programs and policies","Facilitate orderly, safe, regular and responsible migration and mobility of people, including through the implementation of planned and well-managed migration policies",NA,NA,NA,"Not available"
"10","10.7.3","Indicator: 10.7.3: Number of people who died or disappeared in the process of migration towards an international destination","Facilitate orderly, safe, regular and responsible migration and mobility of people, including through the implementation of planned and well-managed migration policies",NA,NA,NA,"Not available"
"10","10.7.4","Indicator: 10.7.4: Proportion of the population who are refugees, by country of origin","Facilitate orderly, safe, regular and responsible migration and mobility of people, including through the implementation of planned and well-managed migration policies",NA,NA,NA,"Not available"
"10","10.a.1","Proportion of tariff lines applied to imports from least developed countries and developing countries with zero-tariff","Implement the principle of special and differential treatment for developing countries, in particular least developed countries, in accordance with World Trade Organization agreements",NA,NA,NA,"Not available"
"10","10.b.1","Total resource flows for development, by recipient and donor countries and type of flow (e.g., official development assistance, foreign direct investment and other flows)","Encourage official development assistance and financial flows, including foreign direct investment, to States where the need is greatest, in particular least developed countries, African countries, small island developing States and landlocked developing countries, in accordance with their national plans and programmes",NA,NA,"US dollar, Millions, 2022 constant prices","None"
"10","10.c.1","Remittance costs as a proportion of the amount remitted","Target: 10.c: By 2030, reduce to less than 3 per cent the transaction costs of migrant remittances and eliminate remittance corridors with costs higher than 5 per cent",NA,NA,"Percentage (%)","Not available"
"11","11.1.1","Proportion of urban population in core housing need","By 2030, ensure access for all to adequate, safe and affordable housing and basic services and upgrade slums",NA,NA,"Percentage (%)","Deterioration"
"11","11.2.1","Proportion of population that has convenient access to public transport, by sex, age and persons with disabilities","By 2030, provide access to safe, affordable, accessible and sustainable transport systems for all, improving road safety, notably by expanding public transport, with special attention to the needs of those in vulnerable situations, women, children, persons with disabilities and older persons",NA,NA,"Percentage (%)","Not available"
"11","11.3.1","Ratio of land consumption rate to population growth rate","By 2030, enhance inclusive and sustainable urbanization and capacity for participatory, integrated and sustainable human settlement planning and management in all countries",NA,NA,NA,"Not available"
"11","11.3.2","Proportion of cities with a direct participation structure of civil society in urban planning and management that operate regularly and democratically","By 2030, enhance inclusive and sustainable urbanization and capacity for participatory, integrated and sustainable human settlement planning and management in all countries",NA,NA,NA,"Not available"
"11","11.4.1","Public per capita expenditure on the preservation, protection and conservation of all cultural and natural heritage","Strengthen efforts to protect and safeguard the world's cultural and natural heritage",NA,NA,"Dollars","On track"
"11","11.5.1","Number of deaths, missing persons and directly affected persons attributed to disasters per 100,000 population","By 2030, significantly reduce the number of deaths and the number of people affected and substantially decrease the direct economic losses relative to global gross domestic product caused by disasters, including water-related disasters, with a focus on protecting the poor and people in vulnerable situations",NA,NA,NA,"Not available"
"11","11.5.2","Direct economic loss attributed to disasters in relation to gross domestic product (GDP)","By 2030, significantly reduce the number of deaths and the number of people affected and substantially decrease the direct economic losses relative to global gross domestic product caused by disasters, including water-related disasters, with a focus on protecting the poor and people in vulnerable situations",NA,NA,"Percentage (%)","None"
"11","11.6.1","Total amount of waste sent to disposal via the waste management industry","By 2030, reduce the adverse per capita environmental impact of cities, including by paying special attention to air quality and municipal and other waste management",NA,NA,"Tonnes","Progress made but acceleration needed"
"11","11.6.2","Indicator 11.6.2 : Annual mean levels of fine particulate matter (e.g. PM2.5 and PM10) in cities (population weighted)","Target 11.6 : By 2030, reduce the adverse per capita environmental impact of cities, including by paying special attention to air quality and municipal and other waste management",NA,NA,"Micrograms per cubic metre","On track"
"11","11.7.1","Average share of the built-up area of cities that is open space for public use for all, by sex, age and persons with disabilities","By 2030, provide universal access to safe, inclusive and accessible, green and public spaces, in particular for women and children, older persons and persons with disabilities",NA,NA,NA,"Not available"
"11","11.7.2","Proportion of persons victim of physical or sexual harassment, by sex, age, disability status and place of occurrence, in the previous 12 months","By 2030, provide universal access to safe, inclusive and accessible, green and public spaces, in particular for women and children, older persons and persons with disabilities",NA,NA,"Percentage (%)","Not available"
"11","11.a.1","Number of countries that have national urban policies or regional development plans that (a) respond to population dynamics; (b) ensure balanced territorial development; and (c) increase local fiscal space","Support positive economic, social, and environmental links between urban, peri-urban and rural areas by strengthening national and regional development planning",NA,NA,NA,"Not available"
"11","11.b.1","National disaster risk reduction strategies in line with the Sendai Framework for Disaster Risk Reduction 2015–2030 adopted and implemented","By 2020, substantially increase the number of cities and human settlements adopting and implementing integrated policies and plans towards inclusion, resource efficiency, mitigation and adaptation to climate change, resilience to disasters, and develop and implement, in line with the Sendai Framework for Disaster Risk Reduction 2015–2030, holistic disaster risk management at all levels",NA,NA,NA,"Not available"
"11","11.b.2","Local governments that adopted and implemented local disaster risk reduction strategies in line with national disaster risk reduction strategies","By 2020, substantially increase the number of cities and human settlements adopting and implementing integrated policies and plans towards inclusion, resource efficiency, mitigation and adaptation to climate change, resilience to disasters, and develop and implement, in line with the Sendai Framework for Disaster Risk Reduction 2015–2030, holistic disaster risk management at all levels",NA,NA,NA,"Not available"
"12","12.1.1","Number of countries developing, adopting or implementing policy instruments aimed at supporting the shift to sustainable consumption and production","Implement the 10-Year Framework of Programmes on Sustainable Consumption and Production Patterns, all countries taking action, with developed countries taking the lead, taking into account the development and capabilities of developing countries",NA,NA,NA,"Not available"
"12","12.2.1","Material Footprint, material footprint per capita, and material footprint per GDP","By 2030, achieve the sustainable management and efficient use of natural resources.",NA,NA,"Tonnes (million)","Not available"
"12","12.2.2","Domestic material consumption, domestic material consumption per capita, and domestic material consumption per GDP","By 2030, achieve the sustainable management and efficient use of natural resources.",NA,NA,"Tonnes (million)","Not available"
"12","12.3.1","(a) Food loss index and (b) food waste index","By 2030, halve per capita global food waste at the retail and consumer levels and reduce food losses along production and supply chains, including post-harvest losses",NA,NA,NA,"Not available"
"12","12.4.1","Does Canada meet commitments and obligations in transmitting information as required by international agreements on hazardous waste and other chemicals","By 2020, achieve the environmentally sound management of chemicals and all wastes throughout their life cycle, in accordance with agreed international frameworks, and significantly reduce their release to air, water and soil in order to minimize their adverse impacts on human health and the environment",NA,NA,NA,"Not available"
"12","12.4.2","(a) Hazardous waste generated per capita; and (b) proportion of hazardous waste treated, by type of treatment","By 2020, achieve the environmentally sound management of chemicals and all wastes throughout their life cycle, in accordance with agreed international frameworks, and significantly reduce their release to air, water and soil in order to minimize their adverse impacts on human health and the environment",NA,NA,"Percentage (%)","Not available"
"12","12.5.1","National recycling rate, tons of material recycled","By 2030, substantially reduce waste generation through prevention, reduction, recycling and reuse",NA,NA,"Tonnes","Not available"
"12","12.6.1","Number of companies publishing sustainability reports","Encourage companies, especially large and transnational
companies, to adopt sustainable practices and to integrate sustainability information
into their reporting cycle",NA,NA,NA,"Not available"
"12","12.7.1","Degree of sustainable public procurement policies and action plan implementation","Promote public procurement practices that are sustainable, in accordance with national policies and priorities",NA,NA,"Index","Not available"
"12","12.8.1","Extent to which (i) global citizenship education and (ii) education for sustainable development are mainstreamed in (a) national education policies; (b) curricula; (c) teacher education; and (d) student assessment","By 2030, ensure that people everywhere have the relevant information and awareness for sustainable development and lifestyles in harmony with nature",NA,NA,NA,"Not available"
"12","12.a.1","Installed renewable energy-generating capacity in developing countries (in watts per capita)","Support developing countries to strengthen their scientific and technological capacity to move towards more sustainable patterns of consumption and production.",NA,NA,NA,"Not available"
"12","12.b.1","Implementation of standard accounting tools to monitor the economic and environmental aspects of tourism sustainability","Develop and implement tools to monitor sustainable development impacts for sustainable tourism that creates jobs and promotes local culture and products",NA,NA,"Number of tables compiled","None"
"12","12.c.1","Amount of fossil-fuel subsidies (production and consumption) per unit of GDP","Rationalize inefficient fossil-fuel subsidies that encourage wasteful consumption by removing market distortions, in accordance with national circumstances, including by restructuring taxation and phasing out those harmful subsidies, where they exist, to reflect their environmental impacts, taking fully into account the specific needs and conditions of developing countries and minimizing the possible adverse impacts on their development in a manner that protects the poor and the affected communities",NA,NA,NA,"Not available"
"13","13.1.1","Number of deaths, missing persons and directly affected persons attributed to disasters per 100,000 population","Strengthen resilience and adaptive capacity to climate-related hazards and natural disasters in all countries",NA,NA,NA,"Not available"
"13","13.1.2","National disaster risk reduction strategies in line with the Sendai Framework for Disaster Risk Reduction 2015–2030 adopted and implemented","Strengthen resilience and adaptive capacity to climate-related hazards and natural disasters in all countries",NA,NA,NA,"Not available"
"13","13.1.3","Local governments that adopted and implemented local disaster risk reduction strategies in line with national disaster risk reduction strategies","Strengthen resilience and adaptive capacity to climate-related hazards and natural disasters in all countries",NA,NA,NA,"Not available"
"13","13.2.1","Number of countries with nationally determined contributions, long-term strategies, national adaptation plans and adaptation communications, as reported to the secretariat of the United Nations Framework Convention on Climate Change","Integrate climate change measures into national policies, strategies and planning",NA,NA,NA,"Not available"
"13","13.2.2","Total greenhouse gas emissions per year","Integrate climate change measures into national policies, strategies and planning",NA,NA,"Megatonnes of carbon dioxide equivalent (Mt CO2 eq)","None"
"13","13.3.1","Extent to which (i) global citizenship education and (ii) education for sustainable development are mainstreamed in (a) national education policies; (b) curricula; (c) teacher education; and (d) student assessment","Improve education, awareness-raising and human and institutional capacity on climate change mitigation, adaptation, impact reduction and early warning",NA,NA,NA,"Not available"
"13","13.a.1","Amounts provided and mobilized in United States dollars per year in relation to the continued existing collective mobilization goal of the $100 billion commitment through to 2025","Implement the commitment undertaken by developed-country parties to the United Nations Framework Convention on Climate Change to a goal of mobilizing jointly $100 billion annually by 2020 from all sources to address the needs of developing countries in the context of meaningful mitigation actions and transparency on implementation and fully operationalize the Green Climate Fund through its capitalization as soon as possible",NA,NA,NA,"Not available"
"13","13.b.1","Number of least developed countries and small island developing States with nationally determined contributions, long-term strategies, national adaptation plans and adaptation communications, as reported to the secretariat of the United Nations Framework Convention on Climate Change","Promote mechanisms for raising capacity for effective climate change-related planning and management in least developed countries and small island developing States, including focusing on women, youth and local and marginalized communities",NA,NA,NA,"Not available"
"14","14.1.1","(a) Index of coastal eutrophication; and (b) plastic debris density","By 2025, prevent and significantly reduce marine pollution of all kinds, in particular from land-based activities, including marine debris and nutrient pollution",NA,NA,NA,"Not available"
"14","14.2.1","Number of countries using ecosystem-based approaches to managing marine areas","By 2020, sustainably manage and protect marine and coastal ecosystems to avoid significant adverse impacts, including by strengthening their resilience, and take action for their restoration in order to achieve healthy and productive oceans",NA,NA,NA,"Not available"
"14","14.3.1","Average marine acidity (pH) measured at agreed suite of representative sampling stations","Minimize and address the impacts of ocean acidification, including through enhanced scientific cooperation at all levels",NA,NA,NA,"Not available"
"14","14.4.1","Proportion of fish stocks within biologically sustainable levels","By 2020, effectively regulate harvesting and end overfishing, illegal, unreported and unregulated fishing and destructive fishing practices and implement science-based management plans, in order to restore fish stocks in the shortest time feasible, at least to levels that can produce maximum sustainable yield as determined by their biological characteristics",NA,NA,"Percentage (%)","Limited progress"
"14","14.5.1","Coverage of protected areas in relation to marine areas","By 2020, conserve at least 10 per cent of coastal and marine areas, consistent with national and international law and based on the best available scientific information",NA,NA,"Percentage (%)","Target achieved"
"14","14.6.1","Progress by countries in the degree of implementation of international instruments aiming to combat illegal, unreported and unregulated fishing","By 2020, prohibit certain forms of fisheries subsidies which contribute to overcapacity and overfishing, eliminate subsidies that contribute to illegal, unreported and unregulated fishing and refrain from introducing new such subsidies, recognizing that appropriate and effective special and differential treatment for developing and least developed countries should be an integral part of the World Trade Organization fisheries subsidies negotiation",NA,NA,NA,"Not available"
"14","14.7.1","Sustainable fisheries as a percentage of GDP in small island developing States, least developed countries and all countries","By 2030, increase the economic benefits to Small Island Developing States and least developed countries from the sustainable use of marine resources, including through sustainable management of fisheries, aquaculture and tourism",NA,NA,NA,"Not available"
"14","14.a.1","Proportion of total research budget allocated to research in the field of marine technology","Increase scientific knowledge, develop research capacity and transfer marine technology, taking into account the Intergovernmental Oceanographic Commission Criteria and Guidelines on the Transfer of Marine Technology, in order to improve ocean health and to enhance the contribution of marine biodiversity to the development of developing countries, in particular small island developing States and least developed countries",NA,NA,NA,"Not available"
"14","14.b.1","Degree of application of a legal/regulatory/policy/institutional framework which recognizes and protects access rights for small-scale fisheries","Provide access for small-scale artisanal fishers to marine resources and markets",NA,NA,NA,"Not available"
"14","14.c.1","Number of countries making progress in ratifying, accepting and implementing through legal, policy and institutional frameworks, ocean-related instruments that implement international law, as reflected in the United Nations Convention on the Law of the Sea, for the conservation and sustainable use of the oceans and their resources","Enhance the conservation and sustainable use of oceans and their resources by implementing international law as reflected in the United Nations Convention on the Law of the Sea, which provides the legal framework for the conservation and sustainable use of oceans and their resources, as recalled in paragraph 158 of &#x201C;The future we want&#x201D;",NA,NA,NA,"Not available"
"15","15.1.1","Forest area as a proportion of total land area","By 2020, ensure the conservation, restoration and sustainable use of terrestrial and inland freshwater ecosystems and their services, in particular forests, wetlands, mountains and drylands, in line with obligations under international agreements",NA,NA,"Percentage (%)","Deterioration"
"15","15.1.2","Proportion of important sites for terrestrial and freshwater biodiversity that are covered by protected areas, by ecosystem type","By 2020, ensure the conservation, restoration and sustainable use of terrestrial and inland freshwater ecosystems and their services, in particular forests, wetlands, mountains and drylands, in line with obligations under international agreements",NA,NA,"Percentage (%)","Not available"
"15","15.2.1","Progress towards sustainable forest management","By 2020, promote the implementation of sustainable management
  of all types of forests, halt deforestation, restore degraded forests and substantially
  increase afforestation and reforestation globally",NA,NA,"Percentage (%)","Not available"
"15","15.3.1","Proportion of land that is degraded over total land area","By 2030, combat desertification, restore degraded land and soil, including land affected by desertification, drought and floods, and strive to achieve a land degradation-neutral world",NA,NA,"Percentage (%)","Deterioration"
"15","15.4.1","Coverage by protected areas of important sites for mountain biodiversity","By 2030, ensure the conservation of mountain ecosystems, including their biodiversity, in order to enhance their capacity to provide benefits that are essential for sustainable development",NA,NA,"Percentage (%)","Limited progress"
"15","15.4.2",": (a) Mountain Green Cover Index and (b) proportion of degraded mountain land","By 2030, ensure the conservation of mountain ecosystems, including their biodiversity, in order to enhance their capacity to provide benefits that are essential for sustainable development",NA,NA,NA,"Not available"
"15","15.5.1","Canadian species index","Take urgent and significant action to reduce the degradation of natural habitats, halt the loss of biodiversity and, by 2020, protect and prevent the extinction of threatened species",NA,NA,"Cumulative percentage change since 1970","Deterioration"
"15","15.6.1","Canada's legislative, administrative and policy frameworks to ensure fair and equitable sharing of benefits","Promote fair and equitable sharing of the benefits arising from the utilization of genetic resources and promote appropriate access to such resources, as internationally agreed",NA,NA,NA,"Not available"
"15","15.7.1","Proportion of traded wildlife that was poached or illicitly trafficked","Take urgent action to end poaching and trafficking of protected species of flora and fauna and address both demand and supply of illegal wildlife products",NA,NA,NA,"Not available"
"15","15.8.1","Canada's adoption of relevant national legislation and adequate resourcing of prevention or control of invasive alien species","By 2020, introduce measures to prevent the introduction and significantly reduce the impact of invasive alien species on land and water ecosystems and control or eradicate the priority species",NA,NA,NA,"Not available"
"15","15.9.1","(a) Number of countries that have established national targets in accordance with or similar to Aichi Biodiversity Target 2 of the Strategic Plan for Biodiversity 2011&#x2013;2020 in their national biodiversity strategy and action plans and the progress reported towards these targets; and (b) integration of biodiversity into national accounting and reporting systems, defined as implementation of the System of Environmental-Economic Accounting","By 2020, integrate ecosystem and biodiversity values into national and local planning, development processes, poverty reduction strategies and accounts",NA,NA,NA,"Not available"
"15","15.a.1","(a) Official development assistance on conservation and sustainable use of biodiversity; and (b) revenue generated and finance mobilized from biodiversity-relevant economic instruments","Mobilize and significantly increase financial resources from all sources to conserve and sustainably use biodiversity and ecosystems",NA,NA,"US dollar, Millions, 2022 constant prices","Not available"
"15","15.b.1","(a) Official development assistance on conservation and sustainable use of biodiversity; and (b) revenue generated and finance mobilized from biodiversity-relevant economic instruments","Mobilize significant resources from all sources and at all levels to finance sustainable forest management and provide adequate incentives to developing countries to advance such management, including for conservation and reforestation",NA,NA,"US dollar, Millions, 2022 constant prices","Not available"
"15","15.c.1","Proportion of traded wildlife that was poached or illicitly trafficked","Enhance global support for efforts to combat poaching and trafficking of protected species, including by increasing the capacity of local communities to pursue sustainable livelihood opportunities",NA,NA,NA,"Not available"
"16","16.1.1","Number of victims of intentional homicide per 100,000 population, by sex and age","Significantly reduce all forms of violence and related death rates everywhere",NA,NA,"Rate per 100,000 population","Deterioration"
"16","16.1.2","Conflict-related deaths per 100,000 population, by sex, age and cause","To significantly reduce all forms of violence and related death rates everywhere",NA,NA,NA,"Not available"
"16","16.1.3","Proportion of population subjected to physical, psychological or sexual violence in the previous 12 months","To significantly reduce all forms of violence and related death rates everywhere",NA,NA,"Rate per 1,000 population","Not available"
"16","16.1.4","Proportion of population that feel safe walking alone around the area they live after dark","Significantly reduce all forms of violence and related death rates everywhere",NA,NA,"Percentage (%)","Not available"
"16","16.2.1","Proportion of the population aged 15 and older who experienced physical or sexual abuse before the age of 15","End abuse, exploitation, trafficking and all forms of violence against and torture of children",NA,NA,"Percentage (%)","Not available"
"16","16.2.2","Number of human trafficking incidents reported per 100,000 population","End abuse, exploitation, trafficking and all forms of violence against and torture of children",NA,NA,"Rate per 100,000 population","None"
"16","16.2.3","Proportion of young women and men who experienced sexual violence by age 15","End abuse, exploitation, trafficking and all forms of violence against and torture of children",NA,NA,"Percentage (%)","Not available"
"16","16.3.1","Proportion of victims of (a) physical, (b) psychological and/or (c) sexual violence in the previous 12 months who reported their victimization to competent authorities or other officially recognized conflict resolution mechanisms","Promote the rule of law at the national and international levels and ensure equal access to justice for all",NA,NA,"Percentage (%)","Deterioration"
"16","16.3.2","Unsentenced detainees as a proportion of overall prison population","Promote the rule of law at the national and international levels and ensure equal access to justice for all",NA,NA,"Percentage (%)","Deterioration"
"16","16.3.3","Proportion of the population who have experienced a serious dispute in the past three years and who accessed a formal or informal dispute resolution mechanism","Promote the rule of law at the national and international levels and ensure equal access to justice for all",NA,NA,"Percentage (%)","Not available"
"16","16.4.1","Total value of inward and outward illicit financial flows (in current United States dollars)","By 2030, significantly reduce illicit financial and arms flows, strengthen the recovery and return of stolen assets and combat all forms of organized crime",NA,NA,NA,"Not available"
"16","16.4.2","Proportion of seized, found or surrendered arms whose illicit origin or context has been traced or established by a competent authority in line with international instruments","By 2030, significantly reduce illicit financial and arms flows, strengthen the recovery and return of stolen assets and combat all forms of organized crime",NA,NA,NA,"Not available"
"16","16.5.1","Proportion of persons who had at least one contact with a public official and who paid a bribe to a public official, or were asked for a bribe by those public officials, during the previous 12 months","Substantially reduce corruption and bribery in all their forms",NA,NA,NA,"Not available"
"16","16.5.2","Proportion of businesses that had at least one contact with a public official and that paid a bribe to a public official, or were asked for a bribe by those public officials during the previous 12 months","Substantially reduce corruption and bribery in all their forms",NA,NA,NA,"Not available"
"16","16.6.1","Primary government expenditures as a proportion of original approved budget, by sector (or by budget codes or similar)","Develop effective, accountable and transparent institutions at all levels",NA,NA,"Percentage (%)","On track"
"16","16.6.2","Proportion of population satisfied with their last experience of public services","Develop effective, accountable and transparent institutions at all levels",NA,NA,NA,"Not available"
"16","16.7.1","Proportions of positions in national and local institutions, including (a) the legislatures; (b) the public service; and (c) the judiciary, compared to national distributions, by sex, age, persons with disabilities and population groups","Ensure responsive, inclusive, participatory and representative decision-making at all levels",NA,NA,NA,"Not available"
"16","16.7.2","Proportion of population who believe decision-making is inclusive and responsive, by sex, age, disability and population group","Ensure responsive, inclusive, participatory and representative decision-making at all levels",NA,NA,NA,"Not available"
"16","16.8.1","Proportion of members and voting rights of developing countries in international organizations","Broaden and strengthen the participation of developing countries in the institutions of global governance",NA,NA,NA,"Not available"
"16","16.9.1","Proportion of children under 5 years of age whose births have been registered with a civil authority, by age","By 2030, provide legal identity for all, including birth registration",NA,NA,NA,"Not available"
"16","16.10.1","Number of verified cases of killing, kidnapping, enforced disappearance, arbitrary detention and torture of journalists, associated media personnel, trade unionists and human rights advocates in the previous 12 months.","Ensure public access to information and protect fundamental freedoms, in accordance with national legislation and international agreements",NA,NA,NA,"Not available"
"16","16.10.2","Number of countries that adopt and implement constitutional, statutory and/or policy guarantees for public access to information","Ensure public access to information and protect fundamental freedoms, in accordance with national legislation and international agreements",NA,NA,NA,"Not available"
"16","16.a.1","Existence of independent national human rights institutions in compliance with the Paris Principles","Strengthen relevant national institutions, including through international cooperation, for building capacity at all levels, in particular in developing countries, to prevent violence and combat terrorism and crime",NA,NA,NA,"Not available"
"16","16.b.1","Proportion of population reporting having personally felt discriminated against or harassed in the previous 12 months on the basis of a ground of discrimination prohibited under international human rights law","Promote and enforce non-discriminatory laws and policies for sustainable development",NA,NA,NA,"Not available"
"17","17.1.1","Total government revenue as a proportion of GDP, by source","Strengthen domestic resource mobilization, including through international support to developing countries, to improve domestic capacity for tax and other revenue collection",NA,NA,"Percentage (%)","Progress made but acceleration needed"
"17","17.1.2","Proportion of domestic budget funded by domestic taxes","Strengthen domestic resource mobilization, including through international support to developing countries, to improve domestic capacity for tax and other revenue collection",NA,NA,"Percentage (%)","Progress made but acceleration needed"
"17","17.2.1","Net official development assistance, total and
  to least developed countries, as a proportion of the Organization for Economic Cooperation
  and Development (OECD) Development Assistance Committee donors&apos; gross national
  income (GNI)","Developed countries to implement fully their official
  development assistance commitments, including the commitment by many developed countries
  to achieve the target of 0.7 per cent of gross national income for official development
  assistance (ODA/GNI) to developing countries and 0.15 to 0.20 per cent of ODA/GNI
  to least developed countries; ODA providers are encouraged to consider setting a
  target to provide at least 0.20 per cent of ODA/GNI to least developed countries",NA,NA,"Percentage (%)","Not available"
"17","17.3.1","Foreign direct investments (FDI), official development assistance and South-South Cooperation as a proportion of gross national income (GNI)","Mobilize additional financial resources for developing countries from multiple sources",NA,NA,"Percentage (%)","Not available"
"17","17.3.2","Volume of remittances (in United States dollars) as a proportion of total GDP","Mobilize additional financial resources for developing countries from multiple sources",NA,NA,"Percentage (%)","Deterioration"
"17","17.4.1","Debt service as a proportion of exports of goods and services","Assist developing countries in attaining long-term debt sustainability through coordinated policies aimed at fostering debt financing, debt relief and debt restructuring, as appropriate, and address the external debt of highly indebted poor countries to reduce debt distress",NA,NA,NA,"Not available"
"17","17.5.1","Number of countries that adopt and implement investment promotion regimes for developing countries, including the least developed countries","Adopt and implement investment promotion regimes for least developed countries",NA,NA,"Number of project","Not available"
"17","17.6.1","Fixed Internet broadband subscriptions per 100 inhabitants, by speed","Enhance North-South, South-South and triangular regional and international cooperation on and access to science, technology and innovation and enhance knowledge-sharing on mutually agreed terms, including through improved coordination among existing mechanisms, in particular at the United Nations level, and through a global technology facilitation mechanism",NA,NA,NA,"Not available"
"17","17.7.1","Total amount of funding for developing countries to promote the development, transfer, dissemination and diffusion of environmentally sound technologies","Promote the development, transfer, dissemination and diffusion of environmentally sound technologies to developing countries on favourable terms, including on concessional and preferential terms, as mutually agreed",NA,NA,NA,"Not available"
"17","17.8.1","Proportion of individuals using the Internet","Fully operationalize the technology bank and science, technology and innovation capacity-building mechanism for least developed countries by 2017 and enhance the use of enabling technology, in particular information and communications technology",NA,NA,"Percentage (%)","Progress made but acceleration needed"
"17","17.9.1","Dollar value of financial and technical assistance (including through North-South, South-South and triangular cooperation) committed to developing countries","Target 17.9 : Enhance international support for implementing effective and targeted capacity-building in developing countries to support national plans to implement all the Sustainable Development Goals, including through North-South, South-South and triangular cooperation",NA,NA,"Constant US dollar, Millions, at 2021 prices","None"
"17","17.10.1","Worldwide weighted tariff-average","Promote a universal, rules-based, open, non-discriminatory and equitable multilateral trading system under the World Trade Organization, including through the conclusion of negotiations under its Doha Development Agenda",NA,NA,NA,"Not available"
"17","17.11.1","Developing countries&apos; and least developed countries&apos; share of global exports","Significantly increase the exports of developing countries, in particular with a view to doubling the least developed countries&apos; share of global exports by 2020",NA,NA,NA,"Not available"
"17","17.12.1","Weighted average tariffs faced by developing countries, least developed countries and small island developing States","Realize timely implementation of duty-free and quota-free market access on a lasting basis for all least developed countries, consistent with World Trade Organization decisions, including by ensuring that preferential rules of origin applicable to imports from least developed countries are transparent and simple, and contribute to facilitating market access",NA,NA,NA,"Not available"
"17","17.13.1","Indicator 17.13.1. Macroeconomic Dashboard","Enhance global macroeconomic stability, including through policy coordination and policy coherence",NA,NA,NA,"Not available"
"17","17.14.1","Indicator 17.14.1. Number of countries with mechanisms in place to enhance policy coherence of sustainable development","Enhance policy coherence for sustainable development",NA,NA,NA,"Not available"
"17","17.15.1","Extent of use of country-owned results frameworks and planning tools by providers of development cooperation","Respect each country&apos;s policy space and leadership to establish and implement policies for poverty eradication and sustainable development",NA,NA,NA,"Not available"
"17","17.16.1","Canada's multi-stakeholder frameworks and strategy that supports and monitors the achievement of nationally focused sustainable development goals","Enhance the Global Partnership for Sustainable Development, complemented by multi-stakeholder partnerships that mobilize and share knowledge, expertise, technology and financial resources, to support the achievement of the Sustainable Development Goals in all countries, in particular developing countries",NA,NA,NA,"Not available"
"17","17.17.1","Amount in United States dollars committed to public-private partnerships for infrastructure","Encourage and promote effective public, public-private and civil society partnerships, building on the experience and resourcing strategies of partnerships",NA,NA,NA,"Not available"
"17","17.18.1","Statistical capacity indicator for Sustainable Development Goal monitoring","By 2020, enhance capacity-building support to developing countries, including for least developed countries and small island developing States, to increase significantly the availability of high-quality, timely and reliable data disaggregated by income, gender, age, race, ethnicity, migratory status, disability, geographic location and other characteristics relevant in national contexts",NA,NA,NA,"Not available"
"17","17.18.2","Canada's national statistical legislation that complies with the Fundamental Principles of Official Statistics","By 2020, enhance capacity-building support to developing countries, including for least developed countries and small island developing States, to increase significantly the availability of high-quality, timely and reliable data disaggregated by income, gender, age, race, ethnicity, migratory status, disability, geographic location and other characteristics relevant in national contexts",NA,NA,NA,"Not available"
"17","17.18.3","Canada's national statistical plan that is fully funded and under implementation","By 2020, enhance capacity-building support to developing countries, including for least developed countries and small island developing States, to increase significantly the availability of high-quality, timely and reliable data disaggregated by income, gender, age, race, ethnicity, migratory status, disability, geographic location and other characteristics relevant in national contexts",NA,NA,NA,"Not available"
"17","17.19.1","Dollar value of all resources made available to strengthen statistical capacity in developing countries","By 2030, build on existing initiatives to develop measurements of progress on sustainable development that complement gross domestic product, and support statistical capacity-building in developing countries",NA,NA,"Constant US dollar, Millions, at 2021 prices","Deterioration"
"17","17.19.2","Proportion of countries that (a) have conducted at least one population and housing census in the last 10 years; and (b) have achieved 100 per cent birth registration and 80 per cent death registration","By 2030, build on existing initiatives to develop measurements of progress on sustainable development that complement gross domestic product, and support statistical capacity-building in developing countries",NA,NA,NA,"Not available"
